<catalog name="Australia" version="1">
	<classes>
		<class name="cropland1">
			<image>cropland2.jpg</image>
		</class>
		<class name="cropland2">
			<image>cropland5.jpg</image>
		</class>
		<class name="cropland3">
			<image>cropland6.jpg</image>
		</class>
		<class name="cropland4">
			<image>cropland6.jpg</image>
		</class>
		<class name="forest">
			<image>forest5.jpg</image>
		</class>
		<class name="forest1">
			<image>forest5.jpg</image>
		</class>
		<class name="forest2">
			<image>forest6.jpg</image>
		</class>
		<class name="forest3">
			<image>forest7.jpg</image>
		</class>
		<class name="forest4">
			<image>forest8.jpg</image>
		</class>
		<class name="forest5">
			<image>forest9.jpg</image>
		</class>
		<class name="grassland">
			<image>grass5.jpg</image>
		</class>
		<class name="grassland2">
			<image>grass6.jpg</image>
		</class>
		<class name="savanna">
			<image>savanna1.jpg</image>
		</class>
		<class name="swamp">
			<image>swamp.jpg</image>
		</class>
		<class name="desert">
			<image>asphalt.jpg</image>
		</class>
		<class name="water">
			<image>water.jpg</image>
		</class>
		<class name="mountain">
			<image>iron.jpg</image>
		</class>
		<class name="tundra">
			<image>tundra.jpg</image>
		</class>
		<class name="urban">
			<image>urban3.jpg</image>
		</class>
	</classes>
</catalog>
